rank_by_medal_prob,federation,team_name,rating_avg,p_gold,p_silver,p_bronze,p_any_medal,p_category_medal,p_top8,p_top16,expected_rank,expected_match_pts,rank_std
1,CHN,China,2429,0.9086,0.0826,0.0088,1.0000,0.0000,1.0000,1.0000,1.10,19.48,0.33
2,KAZ,Kazakhstan,2438,0.0866,0.5952,0.0738,0.7556,0.2364,1.0000,1.0000,2.74,18.28,1.44
3,IND,India,2466,0.0048,0.1564,0.3360,0.4972,0.1734,0.8904,1.0000,4.77,16.97,2.53
4,USA,United States of America,2415,0.0000,0.0000,0.3912,0.3912,0.6088,1.0000,1.0000,3.69,17.00,0.61
5,POL,Poland,2369,0.0000,0.1640,0.0788,0.2428,0.2592,0.8028,1.0000,6.06,16.72,2.60
6,VIE,Vietnam,2287,0.0000,0.0018,0.1114,0.1132,0.1770,0.4792,1.0000,7.73,16.52,2.45
7,ARM,Armenia,2322,0.0000,0.0000,0.0000,0.0000,0.8374,0.9220,1.0000,5.68,16.89,1.50
8,SLO,Slovenia,2241,0.0000,0.0000,0.0000,0.0000,0.2056,0.5928,1.0000,8.06,16.52,1.66
9,GEO,Georgia,2451,0.0000,0.0000,0.0000,0.0000,0.3340,0.4956,0.9298,9.70,16.03,4.38
10,TUR,Turkiye,2236,0.0000,0.0000,0.0000,0.0000,0.0000,0.0002,0.9292,12.13,15.93,2.78
11,MGL,Mongolia,2324,0.0000,0.0000,0.0000,0.0000,0.0750,0.3256,0.6572,12.83,16.01,5.93
12,GRE,Greece,2262,0.0000,0.0000,0.0000,0.0000,0.0734,0.3186,0.6470,13.70,15.99,6.22
13,UZB,Uzbekistan,2345,0.0000,0.0000,0.0000,0.0000,0.0180,0.0914,0.8772,14.06,15.11,2.71
14,ESP,Spain,2309,0.0000,0.0000,0.0000,0.0000,0.0000,0.0002,0.8248,14.32,15.77,5.88
15,AZE,Azerbaijan,2375,0.0000,0.0000,0.0000,0.0000,0.0000,0.0000,0.7360,15.91,14.97,2.28
16,ROU,Romania,2273,0.0000,0.0000,0.0000,0.0000,0.0000,0.0000,0.2396,17.41,15.00,1.42
17,BUL,Bulgaria,2357,0.0000,0.0000,0.0000,0.0000,0.0018,0.0812,0.5272,18.51,14.81,7.49
18,FRA,France,2374,0.0000,0.0000,0.0000,0.0000,0.0000,0.0000,0.4730,19.99,14.48,5.96
19,UKR,Ukraine,2396,0.0000,0.0000,0.0000,0.0000,0.0000,0.0000,0.0048,21.23,14.94,3.01
20,ENG,England,2301,0.0000,0.0000,0.0000,0.0000,0.0000,0.0000,0.5534,22.37,14.36,10.56
21,LAT,Latvia,2221,0.0000,0.0000,0.0000,0.0000,0.0000,0.0000,0.4486,22.99,15.19,10.25
22,NED,Netherlands,2349,0.0000,0.0000,0.0000,0.0000,0.0000,0.0000,0.0306,25.68,14.31,8.74
23,ISR,Israel,2277,0.0000,0.0000,0.0000,0.0000,0.0000,0.0000,0.0000,27.14,14.74,7.17
24,ARG,Argentina,2229,0.0000,0.0000,0.0000,0.0000,0.0000,0.0000,0.0018,27.38,14.34,8.84
25,SUI,Switzerland,2319,0.0000,0.0000,0.0000,0.0000,0.0000,0.0000,0.0168,27.47,14.18,9.36
26,SWE,Sweden,2229,0.0000,0.0000,0.0000,0.0000,0.0000,0.0000,0.0000,27.99,14.43,8.30
27,SRB,Serbia,2341,0.0000,0.0000,0.0000,0.0000,0.0000,0.0000,0.0070,28.14,14.24,9.95
28,INA,Indonesia,2205,0.0000,0.0000,0.0000,0.0000,0.0000,0.0000,0.0594,28.47,14.23,6.03
29,HUN,Hungary,2311,0.0000,0.0000,0.0000,0.0000,0.0000,0.0000,0.0000,28.71,14.62,8.52
30,GER,Germany,2359,0.0000,0.0000,0.0000,0.0000,0.0000,0.0000,0.0000,30.91,13.87,4.83
31,CAN,Canada,2185,0.0000,0.0000,0.0000,0.0000,0.0000,0.0000,0.0000,31.74,13.73,9.61
32,CRO,Croatia,2179,0.0000,0.0000,0.0000,0.0000,0.7354,0.0000,0.0000,31.80,14.00,1.31
33,PER,Peru,2184,0.0000,0.0000,0.0000,0.0000,0.5370,0.0000,0.0012,33.01,13.82,9.63
34,SRI,Sri Lanka,1978,0.0000,0.0000,0.0000,0.0000,1.0000,0.0000,0.0002,33.03,14.07,3.30
35,CUB,Cuba,2229,0.0000,0.0000,0.0000,0.0000,0.0000,0.0000,0.0000,34.41,14.00,1.82
36,PHI,Philippines,2158,0.0000,0.0000,0.0000,0.0000,0.4046,0.0000,0.0244,34.45,13.64,10.38
37,COL,Colombia,2104,0.0000,0.0000,0.0000,0.0000,0.2432,0.0000,0.0000,36.18,13.93,3.81
38,EST,Estonia,2178,0.0000,0.0000,0.0000,0.0000,0.2694,0.0000,0.0108,36.62,13.38,8.53
39,AUT,Austria,2214,0.0000,0.0000,0.0000,0.0000,0.0000,0.0000,0.0000,38.10,13.76,10.33
40,TKM,Turkmenistan,2057,0.0000,0.0000,0.0000,0.0000,0.2614,0.0000,0.0000,38.20,13.70,6.31
41,BEL,Belgium,2097,0.0000,0.0000,0.0000,0.0000,0.0164,0.0000,0.0000,39.27,14.00,1.43
42,CZE,Czech Republic,2187,0.0000,0.0000,0.0000,0.0000,0.0000,0.0000,0.0000,40.84,13.69,9.50
43,SVK,Slovakia,2185,0.0000,0.0000,0.0000,0.0000,0.0000,0.0000,0.0000,41.30,13.61,8.96
44,IRI,Iran,2222,0.0000,0.0000,0.0000,0.0000,0.0000,0.0000,0.0000,41.37,13.03,3.07
45,AUS,Australia,2129,0.0000,0.0000,0.0000,0.0000,0.1988,0.0000,0.0000,42.75,13.66,10.32
46,MNE,Montenegro,2109,0.0000,0.0000,0.0000,0.0000,0.0668,0.0000,0.0000,43.98,13.13,4.92
47,NOR,Norway,2129,0.0000,0.0000,0.0000,0.0000,0.1522,0.0000,0.0000,44.46,13.57,10.13
48,UZB,Uzbekistan 2,2143,0.0000,0.0000,0.0000,0.0000,0.0734,0.0000,0.0000,45.84,13.26,7.17
49,UZB,Uzbekistan 3,2021,0.0000,0.0000,0.0000,0.0000,0.0000,0.0000,0.0000,46.39,13.00,1.47
50,ITA,Italy,2214,0.0000,0.0000,0.0000,0.0000,0.0000,0.0000,0.0000,49.94,13.06,3.78
51,BRA,Brazil,2137,0.0000,0.0000,0.0000,0.0000,0.0000,0.0000,0.0000,51.41,12.64,12.63
52,CHI,Chile,1994,0.0000,0.0000,0.0000,0.0000,0.0000,0.0000,0.0000,53.87,13.00,1.91
53,EGY,Egypt,2027,0.0000,0.0000,0.0000,0.0000,0.0000,0.0000,0.0000,54.37,13.00,1.71
54,BIH,Bosnia and Herzegovina,2108,0.0000,0.0000,0.0000,0.0000,0.0000,0.0000,0.0000,55.78,12.71,9.79
55,BLR,Belarus,2218,0.0000,0.0000,0.0000,0.0000,0.0000,0.0000,0.0000,56.09,12.30,9.71
56,CRC,Costa Rica,2011,0.0000,0.0000,0.0000,0.0000,0.0000,0.0000,0.0000,58.02,13.00,1.72
57,SGP,Singapore,2039,0.0000,0.0000,0.0000,0.0000,0.0384,0.0000,0.0000,58.72,12.27,9.57
58,LTU,Lithuania,2063,0.0000,0.0000,0.0000,0.0000,0.0000,0.0000,0.0000,59.27,12.86,5.17
59,IRL,Ireland,2056,0.0000,0.0000,0.0000,0.0000,0.0000,0.0000,0.0000,59.35,12.71,8.88
60,SCO,Scotland,2042,0.0000,0.0000,0.0000,0.0000,0.0000,0.0000,0.0000,59.79,12.86,4.79
61,ECU,Ecuador,2042,0.0000,0.0000,0.0000,0.0000,0.0030,0.0000,0.0000,61.58,12.39,9.83
62,MAS,Malaysia,2009,0.0000,0.0000,0.0000,0.0000,0.0000,0.0000,0.0000,64.04,12.07,4.36
63,MEX,Mexico,2057,0.0000,0.0000,0.0000,0.0000,0.0000,0.0000,0.0000,65.33,12.00,1.28
64,SYR,Syria,1879,0.0000,0.0000,0.0000,0.0000,0.4624,0.0000,0.0000,65.93,12.46,6.00
65,LUX,Luxembourg,2051,0.0000,0.0000,0.0000,0.0000,0.0000,0.0000,0.0000,67.22,12.33,12.86
66,KGZ,Kyrgyzstan,1973,0.0000,0.0000,0.0000,0.0000,0.2884,0.0000,0.0000,67.49,12.00,1.48
67,ALG,Algeria,1947,0.0000,0.0000,0.0000,0.0000,0.4678,0.0000,0.0000,69.64,12.17,10.82
68,MNC,Monaco,2000,0.0000,0.0000,0.0000,0.0000,0.0000,0.0000,0.0000,69.65,12.05,12.60
69,PAR,Paraguay,1979,0.0000,0.0000,0.0000,0.0000,0.0000,0.0000,0.0000,70.03,12.00,2.32
70,VEN,Venezuela,2021,0.0000,0.0000,0.0000,0.0000,0.0000,0.0000,0.0000,71.49,12.00,1.33
71,POR,Portugal,2051,0.0000,0.0000,0.0000,0.0000,0.0000,0.0000,0.0000,72.65,11.91,12.75
72,NZL,New Zealand,1949,0.0000,0.0000,0.0000,0.0000,0.3124,0.0000,0.0000,73.41,12.09,12.26
73,FIN,Finland,2126,0.0000,0.0000,0.0000,0.0000,0.0000,0.0000,0.0000,74.82,11.64,11.72
74,MDA,Moldova,2041,0.0000,0.0000,0.0000,0.0000,0.0000,0.0000,0.0000,76.42,11.83,10.93
75,JAM,Jamaica,1879,0.0000,0.0000,0.0000,0.0000,0.0002,0.0000,0.0000,76.58,11.92,5.08
76,ANG,Angola,1985,0.0000,0.0000,0.0000,0.0000,0.0000,0.0000,0.0000,77.38,12.00,1.52
77,DEN,Denmark,2061,0.0000,0.0000,0.0000,0.0000,0.0000,0.0000,0.0000,78.41,12.00,1.60
78,MKD,North Macedonia,1981,0.0000,0.0000,0.0000,0.0000,0.0000,0.0000,0.0000,78.70,11.83,8.43
79,BOL,Bolivia,1985,0.0000,0.0000,0.0000,0.0000,0.0000,0.0000,0.0000,79.12,11.29,10.21
80,PAN,Panama,1889,0.0000,0.0000,0.0000,0.0000,0.1946,0.0000,0.0000,79.34,11.67,12.69
81,KOR,South Korea,1868,0.0000,0.0000,0.0000,0.0000,0.1414,0.0000,0.0000,79.59,11.95,14.73
82,NGR,Nigeria,2018,0.0000,0.0000,0.0000,0.0000,0.0000,0.0000,0.0000,80.47,11.54,7.25
83,ISL,Iceland,1953,0.0000,0.0000,0.0000,0.0000,0.0436,0.0000,0.0000,80.60,11.14,6.85
84,ESA,El Salvador,1990,0.0000,0.0000,0.0000,0.0000,0.0000,0.0000,0.0000,81.99,11.90,6.96
85,BAN,Bangladesh,1985,0.0000,0.0000,0.0000,0.0000,0.0000,0.0000,0.0000,82.17,11.36,10.15
86,GHA,Ghana,1674,0.0000,0.0000,0.0000,0.0000,1.0000,0.0000,0.0000,82.18,12.00,1.49
87,TJK,Tajikistan,1929,0.0000,0.0000,0.0000,0.0000,0.0106,0.0000,0.0000,82.83,11.32,13.50
88,ALB,Albania,1964,0.0000,0.0000,0.0000,0.0000,0.0440,0.0000,0.0000,85.09,11.29,8.93
89,UGA,Uganda,1894,0.0000,0.0000,0.0000,0.0000,0.0000,0.0000,0.0000,86.41,11.70,9.46
90,DOM,Dominican Republic,1859,0.0000,0.0000,0.0000,0.0000,0.0000,0.0000,0.0000,86.75,11.75,11.06
91,URU,Uruguay,1859,0.0000,0.0000,0.0000,0.0000,0.0346,0.0000,0.0000,87.23,11.36,10.26
92,THA,Thailand,1789,0.0000,0.0000,0.0000,0.0000,0.0000,0.0000,0.0000,89.28,11.00,1.47
93,WLS,Wales,1911,0.0000,0.0000,0.0000,0.0000,0.0000,0.0000,0.0000,93.13,11.00,1.64
94,RSA,South Africa,1895,0.0000,0.0000,0.0000,0.0000,0.0000,0.0000,0.0000,93.56,11.00,1.87
95,MAR,Morocco,1826,0.0000,0.0000,0.0000,0.0000,0.0000,0.0000,0.0000,93.89,10.95,4.64
96,UAE,United Arab Emirates,1940,0.0000,0.0000,0.0000,0.0000,0.0000,0.0000,0.0000,94.62,11.14,6.88
97,HKG,"Hong Kong, China",1795,0.0000,0.0000,0.0000,0.0000,0.0000,0.0000,0.0000,95.72,10.73,7.66
98,LBN,Lebanon,1715,0.0000,0.0000,0.0000,0.0000,0.9760,0.0000,0.0000,97.61,11.00,1.55
99,JOR,Jordan,1879,0.0000,0.0000,0.0000,0.0000,0.0000,0.0000,0.0000,98.01,11.00,1.50
100,JPN,Japan,1788,0.0000,0.0000,0.0000,0.0000,0.0000,0.0000,0.0000,100.98,10.68,13.07
101,GUA,Guatemala,1830,0.0000,0.0000,0.0000,0.0000,0.0000,0.0000,0.0000,101.36,11.00,1.35
102,KEN,Kenya,1861,0.0000,0.0000,0.0000,0.0000,0.0000,0.0000,0.0000,101.74,11.00,2.26
103,BAR,Barbados,1751,0.0000,0.0000,0.0000,0.0000,0.0000,0.0000,0.0000,102.68,11.00,1.69
104,MDV,Maldives,1531,0.0000,0.0000,0.0000,0.0000,1.0000,0.0000,0.0000,103.33,11.00,1.34
105,AND,Andorra,1847,0.0000,0.0000,0.0000,0.0000,0.0000,0.0000,0.0000,104.64,10.74,8.96
106,MAD,Madagascar,1804,0.0000,0.0000,0.0000,0.0000,0.0000,0.0000,0.0000,105.44,11.00,1.09
107,ETH,Ethiopia,1639,0.0000,0.0000,0.0000,0.0000,0.2242,0.0000,0.0000,107.10,10.23,6.68
108,HAI,Haiti,1690,0.0000,0.0000,0.0000,0.0000,0.5142,0.0000,0.0000,107.12,11.00,1.25
109,CYP,Cyprus,1690,0.0000,0.0000,0.0000,0.0000,0.0756,0.0000,0.0000,108.84,10.08,5.87
110,TUN,Tunisia,1857,0.0000,0.0000,0.0000,0.0000,0.0000,0.0000,0.0000,109.18,10.00,1.32
111,CIV,Cote d’Ivoire,1708,0.0000,0.0000,0.0000,0.0000,0.0000,0.0000,0.0000,111.08,10.00,1.34
112,BOT,Botswana,1852,0.0000,0.0000,0.0000,0.0000,0.0000,0.0000,0.0000,112.31,10.10,5.85
113,MOZ,Mozambique,1724,0.0000,0.0000,0.0000,0.0000,0.1630,0.0000,0.0000,112.49,10.25,9.13
114,MLT,Malta,1821,0.0000,0.0000,0.0000,0.0000,0.0000,0.0000,0.0000,114.85,10.00,1.30
115,SUR,Suriname,1820,0.0000,0.0000,0.0000,0.0000,0.0000,0.0000,0.0000,115.61,10.17,9.09
116,TTO,Trinidad & Tobago,1808,0.0000,0.0000,0.0000,0.0000,0.0000,0.0000,0.0000,115.69,9.77,6.39
117,ZIM,Zimbabwe,1826,0.0000,0.0000,0.0000,0.0000,0.0000,0.0000,0.0000,115.85,10.00,2.16
118,NCA,Nicaragua,1811,0.0000,0.0000,0.0000,0.0000,0.0000,0.0000,0.0000,118.21,10.00,1.37
119,TAN,Tanzania,1516,0.0000,0.0000,0.0000,0.0000,1.0000,0.0000,0.0000,118.37,10.38,9.25
120,PLE,Palestine,1796,0.0000,0.0000,0.0000,0.0000,0.0000,0.0000,0.0000,119.39,10.30,8.66
121,IRQ,Iraq,1834,0.0000,0.0000,0.0000,0.0000,0.0000,0.0000,0.0000,120.47,10.00,1.27
122,PUR,Puerto Rico,1719,0.0000,0.0000,0.0000,0.0000,0.0000,0.0000,0.0000,121.84,10.00,1.47
123,BAH,Bahamas,1717,0.0000,0.0000,0.0000,0.0000,0.0000,0.0000,0.0000,123.47,10.00,1.12
124,TPE,Chinese Taipei,1602,0.0000,0.0000,0.0000,0.0000,0.0000,0.0000,0.0000,124.24,9.27,6.31
125,BRN,Bahrain,1578,0.0000,0.0000,0.0000,0.0000,0.0000,0.0000,0.0000,125.44,9.59,5.46
126,YEM,Yemen,1661,0.0000,0.0000,0.0000,0.0000,0.0000,0.0000,0.0000,126.49,10.00,1.21
127,PAK,Pakistan,1719,0.0000,0.0000,0.0000,0.0000,0.0000,0.0000,0.0000,126.58,9.62,6.44
128,ZAM,Zambia,1850,0.0000,0.0000,0.0000,0.0000,0.0000,0.0000,0.0000,128.68,9.00,1.25
129,KOS,Kosovo *,1651,0.0000,0.0000,0.0000,0.0000,0.0000,0.0000,0.0000,128.78,9.00,1.32
130,OMA,Oman,1601,0.0000,0.0000,0.0000,0.0000,0.0000,0.0000,0.0000,131.06,9.44,5.88
131,CAY,Cayman Islands,1572,0.0000,0.0000,0.0000,0.0000,0.0000,0.0000,0.0000,131.39,9.00,1.20
132,NEP,Nepal,1661,0.0000,0.0000,0.0000,0.0000,0.0000,0.0000,0.0000,131.41,9.07,13.21
133,ARU,Aruba,1669,0.0000,0.0000,0.0000,0.0000,0.0000,0.0000,0.0000,131.81,9.05,3.49
134,LES,Lesotho,1676,0.0000,0.0000,0.0000,0.0000,0.0470,0.0000,0.0000,132.00,9.26,9.06
135,HON,Honduras,1774,0.0000,0.0000,0.0000,0.0000,0.0000,0.0000,0.0000,133.16,9.00,1.11
136,GUM,Guam,1714,0.0000,0.0000,0.0000,0.0000,0.0000,0.0000,0.0000,133.47,9.00,1.05
137,LAO,Laos,1482,0.0000,0.0000,0.0000,0.0000,0.3640,0.0000,0.0000,138.22,9.00,0.83
138,SEN,Senegal,1593,0.0000,0.0000,0.0000,0.0000,0.0000,0.0000,0.0000,138.57,9.00,1.01
139,JCI,Jersey,1549,0.0000,0.0000,0.0000,0.0000,0.6360,0.0000,0.0000,138.96,8.93,11.43
140,CAM,Cambodia,1409,0.0000,0.0000,0.0000,0.0000,0.0000,0.0000,0.0000,140.63,9.00,0.97
141,MAW,Malawi,1613,0.0000,0.0000,0.0000,0.0000,0.0000,0.0000,0.0000,141.02,9.00,1.08
142,MRI,Mauritius,1574,0.0000,0.0000,0.0000,0.0000,0.0000,0.0000,0.0000,142.34,9.00,0.86
143,KSA,Saudi Arabia,1741,0.0000,0.0000,0.0000,0.0000,0.0000,0.0000,0.0000,143.40,8.56,7.87
144,TLS,Timor-Leste,1665,0.0000,0.0000,0.0000,0.0000,0.0000,0.0000,0.0000,143.92,9.00,1.07
145,CPV,Cape Verde,1680,0.0000,0.0000,0.0000,0.0000,0.0000,0.0000,0.0000,144.22,9.00,1.09
146,FIJ,Fiji,1625,0.0000,0.0000,0.0000,0.0000,0.0000,0.0000,0.0000,145.50,9.00,1.85
147,BRU,Brunei Darussalam,1598,0.0000,0.0000,0.0000,0.0000,0.0000,0.0000,0.0000,145.78,9.00,0.98
148,CMR,Cameroon,1527,0.0000,0.0000,0.0000,0.0000,0.0000,0.0000,0.0000,147.07,9.00,0.94
149,LIE,Liechtenstein,1556,0.0000,0.0000,0.0000,0.0000,0.0000,0.0000,0.0000,148.31,9.00,0.85
150,SWZ,Eswatini,1559,0.0000,0.0000,0.0000,0.0000,0.0000,0.0000,0.0000,149.31,9.00,0.85
151,NAM,Namibia,1710,0.0000,0.0000,0.0000,0.0000,0.0000,0.0000,0.0000,149.48,8.41,8.11
152,TOG,Togo,1606,0.0000,0.0000,0.0000,0.0000,0.0000,0.0000,0.0000,150.55,8.00,0.86
153,SUD,Sudan,1596,0.0000,0.0000,0.0000,0.0000,0.0000,0.0000,0.0000,152.54,8.00,1.03
154,GUY,Guyana,1585,0.0000,0.0000,0.0000,0.0000,0.0000,0.0000,0.0000,152.59,8.00,0.97
155,SOM,Somalia,1456,0.0000,0.0000,0.0000,0.0000,0.0000,0.0000,0.0000,154.62,8.00,0.61
156,MTN,Mauritania,1605,0.0000,0.0000,0.0000,0.0000,0.0000,0.0000,0.0000,155.03,8.00,1.11
157,MYA,Myanmar,1553,0.0000,0.0000,0.0000,0.0000,0.0000,0.0000,0.0000,156.84,8.00,0.45
158,BHU,Bhutan,1427,0.0000,0.0000,0.0000,0.0000,0.0000,0.0000,0.0000,158.26,8.00,0.69
159,PNG,Papua New Guinea,1400,0.0000,0.0000,0.0000,0.0000,0.0000,0.0000,0.0000,158.89,8.00,0.51
160,STP,Sao Tome and Principe,1486,0.0000,0.0000,0.0000,0.0000,0.0000,0.0000,0.0000,160.40,8.00,0.63
161,LCA,Saint Lucia,1550,0.0000,0.0000,0.0000,0.0000,0.0000,0.0000,0.0000,161.48,8.00,0.50
162,ANT,Antigua and Barbuda,1400,0.0000,0.0000,0.0000,0.0000,0.0000,0.0000,0.0000,162.48,8.00,0.50
163,LBR,Liberia,1537,0.0000,0.0000,0.0000,0.0000,0.0000,0.0000,0.0000,164.20,7.00,0.59
164,GEQ,Equatorial Guinea,1498,0.0000,0.0000,0.0000,0.0000,0.0000,0.0000,0.0000,164.52,7.00,0.59
165,PLW,Palau,1625,0.0000,0.0000,0.0000,0.0000,0.0000,0.0000,0.0000,166.38,7.00,0.49
166,BDI,Burundi,1469,0.0000,0.0000,0.0000,0.0000,0.0000,0.0000,0.0000,166.74,7.09,7.51
167,DMA,Dominica,1420,0.0000,0.0000,0.0000,0.0000,0.0000,0.0000,0.0000,167.38,7.00,0.49
168,IVB,British Virgin Islands,1400,0.0000,0.0000,0.0000,0.0000,0.0000,0.0000,0.0000,167.53,7.00,1.27
169,AFG,Afghanistan,1400,0.0000,0.0000,0.0000,0.0000,0.0000,0.0000,0.0000,169.09,7.00,0.82
170,VAN,Vanuatu,1534,0.0000,0.0000,0.0000,0.0000,0.0000,0.0000,0.0000,169.62,7.00,0.49
171,BER,Bermuda,1540,0.0000,0.0000,0.0000,0.0000,0.0000,0.0000,0.0000,170.31,6.91,5.99
172,GRN,Grenada,1444,0.0000,0.0000,0.0000,0.0000,0.0000,0.0000,0.0000,171.14,7.00,0.35
173,MLI,Mali,1512,0.0000,0.0000,0.0000,0.0000,0.0000,0.0000,0.0000,172.14,7.00,0.35
174,NIG,Niger,1456,0.0000,0.0000,0.0000,0.0000,0.0000,0.0000,0.0000,173.14,7.00,0.35
175,VIN,Saint Vincent and the Grenadines,1450,0.0000,0.0000,0.0000,0.0000,0.0000,0.0000,0.0000,174.14,7.00,0.35
176,CUR,Curacao,1541,0.0000,0.0000,0.0000,0.0000,0.0000,0.0000,0.0000,175.14,6.00,0.35
177,SMR,San Marino,1496,0.0000,0.0000,0.0000,0.0000,0.0000,0.0000,0.0000,177.00,6.00,0.00
178,COD,Democratic Republic of the Congo,1400,0.0000,0.0000,0.0000,0.0000,0.0000,0.0000,0.0000,178.00,6.00,0.00
179,SLE,Sierra Leone,1400,0.0000,0.0000,0.0000,0.0000,0.0000,0.0000,0.0000,179.00,6.00,0.00
180,ISV,US Virgin Islands,1400,0.0000,0.0000,0.0000,0.0000,0.0000,0.0000,0.0000,180.00,6.00,0.00
181,COM,Comoros Islands,1400,0.0000,0.0000,0.0000,0.0000,0.0000,0.0000,0.0000,181.00,5.00,0.00
182,CHA,Chad,1400,0.0000,0.0000,0.0000,0.0000,0.0000,0.0000,0.0000,182.00,5.00,0.00
183,SEY,Seychelles,1447,0.0000,0.0000,0.0000,0.0000,0.0000,0.0000,0.0000,183.00,5.00,0.00
184,DJI,Djibouti,1404,0.0000,0.0000,0.0000,0.0000,0.0000,0.0000,0.0000,184.00,4.00,0.00
185,GUI,Guinea,1400,0.0000,0.0000,0.0000,0.0000,0.0000,0.0000,0.0000,185.00,4.00,0.00
186,SKN,Saint Kitts and Nevis,1400,0.0000,0.0000,0.0000,0.0000,0.0000,0.0000,0.0000,186.00,4.00,0.00
187,SSD,South Sudan,1400,0.0000,0.0000,0.0000,0.0000,0.0000,0.0000,0.0000,187.00,4.00,0.00
188,GAB,Gabon,1400,0.0000,0.0000,0.0000,0.0000,0.0000,0.0000,0.0000,188.00,3.00,0.00
189,CAF,Central African Republic,1577,0.0000,0.0000,0.0000,0.0000,0.0000,0.0000,0.0000,189.00,2.00,0.00
